BillNo,Tag
BillNo:AC57142,1
BillNo:ACI57142,1
BillNo:ACI57142,1
BillNo:ACI57143,1
BillNo:AC157311,1
BillNo:AC57311,1
BillNo:ACI76033,1
BillNo:AC60776,1
BillNo:AC176179,1
BillNo:ACI76453,1
BillID:201910241522,1
BillID:201911291428,1
BillID:201911291626,1
BillID:201910191548,1
BillID:201911291623,1
BillID:201911292113,1
BillID:201911301207,1
BillID:201912211719,1
BillID:201912222144,1
INVOICENO CM1786190017760,1
INVOICENO CM1786190018244,1
INVOICENO CM1786190019812,1
INVOICENO CM1786190020769,1
INVOICENO CM17t6190021106,1
INVOICENO CM178619002110G,1
INVOICENO CM1786190021449,1
INVOICENO CM1786190022812,1
INVOICENO CM1786190022812,1
BillNo.:172,1
BillNo.:287,1
BillNo.:1449,1
BillNo.:1735,1
BillNo.:1758,1
BillNo.:3607,1
BillNo.:3663,1
MEMONO.0053141,1
MEMONO.0027592,1
"MEMONO,0003849",1
MEMONO.004399B,1
MEMONO.0032309,1
MEMONO.0001516,1
MEMONO.0376204,1
MEMONO.0140880,1
MEMONO.0015705,1
MEMONO.000:717,1
InvoiceNo.22040373669,1
Inv:STNO1A1920124505,1
InvNo:SLA097010091955,1
InvoiceNumber:66377/19/57521,1
InvoiceMumber:71059/19/4b049,1
InvoiceNumber:71059/19/47575,1
BillNo:TNCH1022366390,1
Inv:LTNO2B1920003473,1
InvoicaNo:19/047/05/001219,1
BillNo:130021920023979,1
Receipl:001001100014801,1
Receipt:001003100017251,1
and,0
bill,0
of,0
supply,0
to,0
the,0
exten:,0
of,0
supply,0
of,0
exempted,0
goods,0
Sale,0
is,0
Ex-showroom,0
This,0
is,0
a,0
computer,0
generated,0
invoice,0
sho,0
uld,0
be,0
treated,0
as,0
signed,0
by,0
an,0
authorized,0
signatory,0
Nae,0
:,0
For,0
any,0
Query,0
/,0
Suggest,0
ion,0
please,0
refer,0
to,0
new,0
registered,0
office,0
address,0
mentioned,0
on,0
front,0
side,0
of,0
the,0
invoice.,0
P.T.O,0
:,0
TERMS,0
CONDITIONS.,0
NAMASTE,0
No.,0
of,0
